{
    "epoch": 100.0,
    "predict_bleu-4": 67.55476666666667,
    "predict_rouge-1": 76.92306666666667,
    "predict_rouge-2": 66.66666666666667,
    "predict_rouge-l": 74.5098,
    "predict_runtime": 8.5427,
    "predict_samples": 3,
    "predict_samples_per_second": 0.351,
    "predict_steps_per_second": 0.351,
    "train_loss": 0.17944557189941407,
    "train_runtime": 81.094,
    "train_samples": 2,
    "train_samples_per_second": 19.73,
    "train_steps_per_second": 1.233
}